{
  "degree": 3,
  "rd_center": 3.0,
  "omega_b_center": 0.3218,
  "powers": [
    [
      0,
      0
    ],
    [
      0,
      1
    ],
    [
      0,
      2
    ],
    [
      0,
      3
    ],
    [
      1,
      0
    ],
    [
      1,
      1
    ],
    [
      1,
      2
    ],
    [
      2,
      0
    ],
    [
      2,
      1
    ],
    [
      3,
      0
    ]
  ],
  "outputs": {
    "T_avg_C": {
      "coefficients": [
        852.4426190424272,
        -849.4807268334722,
        -1166.612463486933,
        -1126.9486917493455,
        2.4672986042679503,
        -1.5042698840227946,
        -8.830479773613598,
        2.308223287517397,
        4.211853360097184,
        2.041410086217005
      ],
      "train_rmse": 0.7627125024177214,
      "train_max_abs": 1.9398835143003907,
      "loo_rmse": 1.009261800701562,
      "loo_max_abs": 2.294150254239298,
      "n_samples": 42
    },
    "T_stack_C": {
      "coefficients": [
        932.4401791755228,
        -919.2539761151411,
        -1269.3426543588214,
        -1196.7957386216008,
        23.535336051343016,
        -22.746424874931304,
        -56.042554428368256,
        4.588004315772382,
        16.950941326187866,
        7.240567036126063
      ],
      "train_rmse": 2.2234638874466404,
      "train_max_abs": 5.806404907945762,
      "loo_rmse": 3.0650337974768536,
      "loo_max_abs": 7.007699778859433,
      "n_samples": 42
    },
    "v_stack_mps": {
      "coefficients": [
        17.104236410296156,
        -9.067246251499252,
        -14.051240553415049,
        -11.196171481894089,
        5.990995227668754,
        -3.461580988810625,
        -4.076329409518487,
        0.00519281497202917,
        -0.06868452314474095,
        -0.02451640588719184
      ],
      "train_rmse": 0.02121082017711782,
      "train_max_abs": 0.05808553756244805,
      "loo_rmse": 0.032388307700058246,
      "loo_max_abs": 0.08264135843865716,
      "n_samples": 42
    },
    "T_surface_min_C": {
      "coefficients": [
        864.4663301993811,
        -834.1399029598683,
        -1116.9735301755097,
        -960.4952330470479,
        66.61338787812983,
        -51.52293625332223,
        -115.75260644234692,
        0.48203533782548963,
        25.248423164708658,
        10.417026818380243
      ],
      "train_rmse": 3.6794437235985358,
      "train_max_abs": 9.051327416213098,
      "loo_rmse": 5.2604870880304535,
      "loo_max_abs": 11.993170564466595,
      "n_samples": 42
    },
    "T_surface_max_C": {
      "coefficients": [
        1047.381698591762,
        -1039.7304091365745,
        -1429.046092078113,
        -1384.7156372570523,
        1.3857227579527591,
        -0.45820544441553346,
        -4.564802259659787,
        0.46671621802617236,
        1.108205176773276,
        0.6397070367426472
      ],
      "train_rmse": 0.7082930331540863,
      "train_max_abs": 1.1889181882312414,
      "loo_rmse": 0.9415977055659954,
      "loo_max_abs": 1.8141935777950948,
      "n_samples": 42
    },
    "T_surface_std_C": {
      "coefficients": [
        13.539449481579087,
        -13.98851194708891,
        -22.009564639461946,
        -34.88327876362532,
        -5.13818864722632,
        3.658561070927172,
        15.643189114755376,
        -2.3241377161888996,
        -5.75787687596978,
        -2.689174628767649
      ],
      "train_rmse": 0.7838329702327635,
      "train_max_abs": 1.9831347871492468,
      "loo_rmse": 1.0860165507585662,
      "loo_max_abs": 2.7632304617150183,
      "n_samples": 42
    }
  }
}